Origin,[Migration_Dim].[list].[Mig_Name].[Code],Dest,1960,1970,1980,1990,2000,gt50000
AFG,TOT,IRN,42222,75075,284019,680274,762129,true
AFG,TOT,KWT,760,1323,1164,93561,88350,true
AFG,FEM,IRN,21205,35415,126455,288307,309799,true
AFG,MAL,IRN,21016,39661,157564,391967,452330,true
AFG,MAL,KWT,654,1187,1126,48691,52306,true
ALB,TOT,DEU,4212,2587,2092,1758,221897,true
ALB,TOT,GRC,6554,4074,4728,50727,420838,true
ALB,TOT,ITA,12606,11374,12096,42821,275300,true
ALB,FEM,DEU,1644,1014,848,656,116723,true
ALB,FEM,GRC,2845,1521,1716,15191,174024,true
ALB,FEM,ITA,7154,6684,7436,13494,129823,true
ALB,MAL,DEU,2568,1572,1244,1102,105175,true
ALB,MAL,GRC,3709,2553,3012,35536,246814,true
ALB,MAL,ITA,5452,4690,4660,29327,145477,true
DZA,TOT,FRA,626615,1493990,1424707,1375771,1057135,true
DZA,FEM,FRA,201387,632298,630419,652025,535456,true
DZA,MAL,FRA,425229,861691,794288,723746,521679,true
AGO,TOT,NAM,13238,21219,34012,54519,52200,true
AGO,TOT,PRT,15415,40277,105233,139439,167578,true
AGO,FEM,PRT,9068,22464,55643,73423,87546,true
AGO,MAL,PRT,6347,17813,49591,66016,80031,true
ARG,TOT,PRY,27512,24563,37611,47261,64284,true
ARG,TOT,ESP,12334,20804,35637,52801,83803,true
ARG,TOT,USA,17591,55325,77600,106364,133210,true
ARG,FEM,USA,8414,30047,38979,52843,67127,true
ARG,MAL,USA,9177,25279,38621,53521,66083,true
ARM,TOT,AZE,152502,168047,165099,137027,89898,true
ARM,TOT,RUS,72835,84996,103733,151484,481328,true
ARM,TOT,UKR,18403,21959,25378,36498,52168,true
ARM,TOT,USA,84201,69991,49945,32487,99985,true
ARM,FEM,RUS,30794,35935,43857,64046,203501,true
ARM,FEM,USA,42567,34021,27543,17774,52384,true
ARM,MAL,AZE,88025,96998,95297,79093,51283,true
ARM,MAL,RUS,42041,49061,59876,87438,277827,true
AUS,TOT,NZL,34932,43826,45707,51217,56375,true
AUS,TOT,GBR,45146,60219,63407,74195,113700,true
AUS,TOT,USA,23305,31783,46076,54050,74459,true
AUS,FEM,GBR,25214,34025,34873,40813,62446,true
AUS,MAL,GBR,19932,26194,28534,33382,51254,true
AUT,TOT,DEU,59970,124663,176610,151101,189096,true
AUT,TOT,SCG,6731,6841,12249,16607,61465,true
AUT,TOT,USA,317730,253310,155493,97915,72126,true
AUT,FEM,DEU,27609,54452,75265,68203,85689,true
AUT,MAL,DEU,32361,70211,101345,82898,103407,true
AZE,TOT,ARM,158871,218499,237154,125123,115689,true
AZE,TOT,ISR,26046,30949,52388,120033,225396,true
AZE,TOT,RUS,101089,136343,217178,478594,846104,true
AZE,TOT,UKR,0,24679,39138,84629,90753,true
AZE,FEM,ARM,81886,112620,122236,64492,66224,true
AZE,FEM,ISR,12354,15053,27903,59385,114926,true
AZE,FEM,RUS,52104,70275,111939,246680,436105,true
AZE,MAL,ISR,13692,15896,24484,60647,110470,true
AZE,MAL,RUS,48985,66068,105239,231914,409999,true
AZE,MAL,UKR,0,11959,18965,41009,50428,true
BGD,TOT,IND,12501,75838,4653065,4250287,3789377,true
BGD,TOT,MYS,100,4515,13529,37871,77856,true
BGD,TOT,OMN,7166,10309,23972,69525,102360,true
BGD,TOT,SAU,4522,25466,129860,338332,366007,true
BGD,TOT,ARE,59,1771,19327,35862,61616,true
BGD,TOT,GBR,1750,397,49666,107183,163655,true
BGD,TOT,USA,360,271,6317,23029,92655,true
BGD,FEM,IND,4989,36511,2176204,1982610,1792374,true
BGD,FEM,SAU,1111,5693,26413,62608,78567,true
BGD,FEM,GBR,636,176,16483,50235,79484,true
BGD,MAL,IND,7511,39327,2476861,2267677,1997004,true
BGD,MAL,MYS,65,2408,7181,22227,76163,true
BGD,MAL,OMN,7054,10148,23600,68453,100794,true
BGD,MAL,SAU,3410,19772,103447,275724,287440,true
BGD,MAL,GBR,1114,222,33183,56948,84172,true
BGD,MAL,USA,215,139,3856,15425,54029,true
BRB,TOT,USA,12029,280,31809,45699,54282,true
BLR,TOT,KAZ,80433,148693,135840,136939,107972,true
BLR,TOT,LVA,60002,92455,108635,116621,79328,true
BLR,TOT,LTU,42103,63325,80292,88093,56314,true
BLR,TOT,POL,415683,357938,256644,177096,113204,true
BLR,TOT,RUS,985601,1125849,1228403,1408619,935782,true
BLR,TOT,UKR,276999,367421,386705,419031,270751,true
BLR,TOT,USA,46247,35508,19723,17767,58949,true
BLR,FEM,KAZ,47483,87780,80192,80841,63740,true
BLR,FEM,POL,223822,192472,141613,100457,67444,true
BLR,FEM,RUS,581840,664635,725176,831565,552430,true
BLR,FEM,UKR,163524,216904,228288,247371,160056,true
BLR,MAL,RUS,403760,461215,503226,577054,383352,true
BLR,MAL,UKR,113475,150517,158417,171660,110695,true
BEL,TOT,FRA,31743,159945,127668,127747,53553,true
BEN,TOT,CIV,19970,30874,39592,47750,60847,true
BEN,TOT,NGA,4837,25911,248728,94128,157826,true
BEN,TOT,TGO,39804,56908,59867,62534,64427,true
BEN,FEM,NGA,1967,10997,108692,43063,75071,true
BEN,MAL,NGA,2870,14914,140036,51064,82755,true
BOL,TOT,ARG,90166,102092,119671,149439,237213,true
BOL,TOT,USA,2340,8903,16256,34385,53658,true
BOL,FEM,ARG,36202,43464,52920,72480,115258,true
BOL,MAL,ARG,53964,58628,66750,76958,121955,true
BIH,TOT,AUT,16008,91697,173,102798,152381,true
BIH,TOT,HRV,611,621,1112,317969,459328,true
BIH,TOT,DEU,36054,91947,122299,107502,186646,true
BIH,TOT,SVN,618,628,1124,70405,69279,true
BIH,TOT,SWE,591,13059,2070,19042,50956,true
BIH,TOT,USA,50710,53277,49268,43775,125844,true
BIH,FEM,AUT,7935,52415,97,54716,78765,true
BIH,FEM,HRV,297,310,570,166640,240064,true
BIH,FEM,DEU,17259,36622,54378,50030,90225,true
BIH,FEM,USA,23011,27080,24873,21658,62359,true
BIH,MAL,AUT,8073,39283,75,48082,73616,true
BIH,MAL,HRV,314,311,542,151329,219264,true
BIH,MAL,DEU,18794,55324,67921,57472,96421,true
BIH,MAL,USA,27699,26196,24395,22118,63485,true
BRA,TOT,JPN,247,3964,8770,52178,242246,true
BRA,TOT,PRY,15979,30531,84503,104263,82987,true
BRA,TOT,USA,14821,34273,49875,100962,225330,true
BRA,FEM,JPN,106,1693,4264,19063,109834,true
BRA,FEM,USA,7181,19723,27547,52966,121825,true
BRA,MAL,JPN,141,2271,4506,33115,132412,true
BRA,MAL,USA,7640,14549,22327,47996,103504,true
BGR,TOT,TUR,282561,313509,293493,457367,480716,true
BGR,FEM,TUR,137691,156379,147644,234891,252180,true
BGR,MAL,TUR,144870,157130,145849,222475,228536,true
BFA,TOT,CIV,402537,622326,798070,864973,1252098,true
BFA,FEM,CIV,158041,244333,323689,377957,545133,true
BFA,MAL,CIV,244496,377994,474381,487015,706966,true
BDI,TOT,SDN,25018,23869,30618,42892,51746,true
BDI,TOT,TZA,83203,77114,152540,75731,72272,true
KHM,TOT,USA,1219,858,20024,127916,140684,true
KHM,FEM,USA,500,417,9528,67701,75768,true
KHM,MAL,USA,720,441,10497,60214,64916,true
CAN,TOT,GBR,65702,69131,63556,64048,76106,true
CAN,TOT,USA,995660,964010,1001367,914902,950549,true
CAN,FEM,USA,567975,587059,574229,527475,527430,true
CAN,MAL,USA,427685,376952,427137,387426,423119,true
TCD,TOT,CMR,37960,42708,34007,77678,65397,true
CHL,TOT,ARG,119505,163943,217368,226327,219104,true
CHL,TOT,USA,6695,19695,42572,66317,85597,true
CHL,FEM,ARG,47445,72346,100822,107937,112616,true
CHL,MAL,ARG,72061,91597,116546,118390,106488,true
CHN,TOT,AUS,13834,20051,25805,75698,162810,true
CHN,TOT,CAN,35717,62157,90391,137439,336302,true
CHN,TOT,DEU,1023,1528,1930,8527,86998,true
CHN,TOT,HKG,1562528,16823,1898285,1994591,2164744,true
CHN,TOT,IDN,1723200,1084464,677790,419396,81323,true
CHN,TOT,ITA,905,4177,1517,30469,75109,true
CHN,TOT,JPN,52509,53719,52376,134823,335495,true
CHN,TOT,MAC,62104,24899,90156,168243,203877,true
CHN,TOT,MYS,33563,411602,286332,147224,75458,true
CHN,TOT,PHL,196157,105959,37700,77055,125278,true
CHN,TOT,SGP,278798,243677,218970,261396,348383,true
CHN,TOT,THA,423268,286877,175389,137066,224153,true
CHN,TOT,GBR,11328,14293,17991,24817,94896,true
CHN,TOT,USA,105384,220531,320005,574049,1016412,true
CHN,FEM,AUS,4489,8211,12938,35442,86995,true
CHN,FEM,CAN,11664,27542,44526,65933,178745,true
CHN,FEM,HKG,754758,7627,905900,967596,1096238,true
CHN,FEM,JPN,23849,24543,24868,66214,188539,true
CHN,FEM,MAC,27804,11951,46385,89794,113390,true
CHN,FEM,PHL,85376,47756,16911,38518,66899,true
CHN,FEM,SGP,136454,123017,111923,140056,192185,true
CHN,FEM,THA,149381,109098,74052,62397,112103,true
CHN,FEM,GBR,5826,7123,9298,13246,56064,true
CHN,FEM,USA,40529,44113,159610,286857,537944,true
CHN,MAL,AUS,9346,11840,12867,40256,75816,true
CHN,MAL,CAN,24053,34615,45865,71506,157557,true
CHN,MAL,HKG,807770,9196,992386,1026994,1068506,true
CHN,MAL,JPN,28661,29176,27508,68609,146957,true
CHN,MAL,MAC,34301,12948,43772,78449,90487,true
CHN,MAL,PHL,110782,58204,20789,38537,58379,true
CHN,MAL,SGP,142344,120660,107046,121339,156198,true
CHN,MAL,THA,273888,177780,101337,74669,112050,true
CHN,MAL,USA,64855,176418,160395,287192,478467,true
COL,TOT,ECU,12586,23428,36461,40042,50510,true
COL,TOT,ESP,963,1624,2781,9834,140748,true
COL,TOT,USA,13898,82450,167474,323838,533019,true
COL,TOT,VEN,97349,173628,455590,553872,617744,true
COL,FEM,ESP,538,905,1555,5264,82474,true
COL,FEM,USA,7601,45492,88981,171295,292558,true
COL,FEM,VEN,47671,67771,236044,293677,322808,true
COL,MAL,ESP,424,718,1227,4570,58273,true
COL,MAL,USA,6297,36957,78493,152542,240461,true
COL,MAL,VEN,49678,105857,219546,260195,294936,true
COD,TOT,RWA,0,5980,7573,10216,288278,true
COD,TOT,SDN,26018,24823,31842,44439,53612,true
COD,TOT,UGA,151662,151390,102140,62412,86624,true
COD,FEM,RWA,0,3038,3842,5933,162005,true
COD,MAL,RWA,0,2942,3731,4283,126272,true
CRI,TOT,USA,5794,19697,34220,51520,76623,true
CIV,TOT,BFA,29146,41361,78945,184497,418038,true
CIV,TOT,MLI,57434,56380,55346,54331,74193,true
CIV,FEM,BFA,12891,41361,38755,89466,205341,true
CIV,MAL,BFA,16255,0,40190,95031,212697,true
HRV,TOT,AUS,13739,23671,41224,44691,51426,true
HRV,TOT,AUT,9237,51570,162,57709,85547,true
HRV,TOT,DEU,12700,89269,132571,115671,224721,true
HRV,TOT,USA,32940,34608,32004,28436,58970,true
HRV,FEM,DEU,5399,32823,58082,53236,109062,true
HRV,MAL,DEU,7301,56446,74489,62435,115658,true
CUB,TOT,USA,85161,522875,682634,799972,894560,true
CUB,FEM,USA,42509,305075,362332,410570,457696,true
CUB,MAL,USA,42652,217800,320301,389401,436864,true
CYP,TOT,GBR,48725,76911,86350,114020,79291,true
CZE,TOT,FRA,130859,47311,11410,10545,220766,true
CZE,TOT,DEU,736457,776632,749065,374732,402366,true
CZE,TOT,SVK,102,113,125,386,74910,true
CZE,TOT,USA,193699,155326,124279,93336,73623,true
CZE,FEM,FRA,62510,22760,6330,6127,111822,true
CZE,FEM,DEU,368185,412568,407049,209810,213127,true
CZE,MAL,FRA,68349,24551,5080,4417,108945,true
CZE,MAL,DEU,368272,364064,342016,164922,189239,true
DOM,TOT,USA,13265,75310,188690,376328,706894,true
DOM,FEM,USA,8239,39977,105421,205680,385813,true
DOM,MAL,USA,5026,35333,83269,170648,321081,true
ECU,TOT,ESP,951,1604,2748,9716,176212,true
ECU,TOT,USA,8400,46789,99076,152738,302705,true
ECU,FEM,ESP,532,894,1536,5201,91229,true
ECU,FEM,USA,4231,25192,51011,77025,145180,true
ECU,MAL,ESP,419,710,1212,4515,84983,true
ECU,MAL,USA,4170,21596,48065,75713,157525,true
EGY,TOT,JOR,157,6406,25456,85785,102174,true
EGY,TOT,KWT,1743,37212,111358,120896,114162,true
EGY,TOT,LBY,5398,71015,180526,265932,318394,true
EGY,TOT,QAT,115,2405,8462,21596,56093,true
EGY,TOT,SAU,12110,68199,347779,906089,980205,true
EGY,TOT,ARE,129,3850,42028,77983,133986,true
EGY,TOT,USA,8884,30520,52431,79861,118619,true
EGY,TOT,PSE,30461,36318,42998,56581,87461,true
EGY,FEM,LBY,2926,28015,63188,93083,111445,true
EGY,FEM,SAU,2020,10254,47170,110959,140977,true
EGY,MAL,JOR,98,4901,19340,68647,77875,true
EGY,MAL,KWT,785,21619,69968,92421,92785,true
EGY,MAL,LBY,2472,43000,117338,172850,206948,true
EGY,MAL,QAT,86,1794,6764,19064,50952,true
EGY,MAL,SAU,10089,57945,300609,795130,839229,true
EGY,MAL,ARE,111,3226,32496,53675,98886,true
EGY,MAL,USA,4809,13599,29271,47163,68822,true
SLV,TOT,USA,7453,18548,105316,502329,827583,true
SLV,FEM,USA,4468,10314,59382,242912,401185,true
SLV,MAL,USA,2985,8234,45935,259417,426398,true
ERI,TOT,ETH,230750,219497,230751,242582,255018,true
ERI,FEM,ETH,89138,88053,97410,107179,111729,true
ERI,MAL,ETH,141612,131444,133342,135403,143290,true
EST,TOT,RUS,0,88904,78400,65485,67402,true
ETH,TOT,ISR,2736,3251,4389,30337,66967,true
ETH,TOT,USA,1415,2847,10583,34983,71578,true
FIN,TOT,FRA,46878,16770,2041,2738,79086,true
FIN,TOT,SWE,99867,242646,250527,222029,193364,true
FIN,FEM,SWE,59294,127928,156000,125987,112665,true
FIN,MAL,SWE,40573,114718,94527,96042,80698,true
FRA,TOT,BEL,60056,88405,106324,93350,113542,true
FRA,TOT,CAN,35113,44354,54664,61528,78675,true
FRA,TOT,COD,19348,146683,91409,63168,51717,true
FRA,TOT,DEU,23951,39654,74684,70276,112171,true
FRA,TOT,PRT,3441,8990,23489,60844,93565,true
FRA,TOT,REU,4244,9230,19150,38190,69863,true
FRA,TOT,ESP,43966,74159,127032,132217,126435,true
FRA,TOT,CHE,42069,56585,56276,56141,65553,true
FRA,TOT,GBR,36254,21661,39996,54189,116631,true
FRA,TOT,USA,116814,124960,167205,171151,198061,true
FRA,FEM,BEL,32660,45784,52747,47043,58677,true
FRA,FEM,DEU,11261,22362,38714,37902,59776,true
FRA,FEM,ESP,22836,38398,65951,71010,68285,true
FRA,FEM,GBR,24640,12742,27064,34398,68673,true
FRA,FEM,USA,72019,68619,99077,101910,109660,true
FRA,MAL,BEL,27395,42621,53577,46307,54865,true
FRA,MAL,DEU,12690,17292,35970,32374,52396,true
FRA,MAL,ESP,21130,35760,61082,61208,58150,true
FRA,MAL,USA,44795,56340,68128,69241,88402,true
GEO,TOT,ARM,0,69672,66870,60756,66796,true
GEO,TOT,DEU,3149,3320,3324,60148,75104,true
GEO,TOT,ISR,9967,11843,20048,45934,86254,true
GEO,TOT,RUS,0,223261,289412,423040,628973,true
GEO,TOT,UKR,0,47711,53300,79571,71015,true
GEO,FEM,ISR,4728,5760,10678,25944,51548,true
GEO,FEM,RUS,0,118222,153251,224010,333056,true
GEO,MAL,RUS,0,105039,136162,199030,295917,true
DEU,TOT,AUS,104693,125685,106805,108810,107208,true
DEU,TOT,AUT,435151,189405,103062,88810,101883,true
DEU,TOT,CAN,183947,188574,196989,218650,185745,true
DEU,TOT,FRA,154139,221523,201292,210539,260042,true
DEU,TOT,ITA,57978,100320,79772,93119,55821,true
DEU,TOT,NLD,128602,48321,66783,128144,115574,true
DEU,TOT,POL,5512,4746,34792,64706,108175,true
DEU,TOT,SCG,21375,21724,38897,27627,102251,true
DEU,TOT,ESP,24142,40722,69755,89377,109454,true
DEU,TOT,CHE,5331,119736,5464,91691,117410,true
DEU,TOT,TUR,4416,56413,86842,174757,272995,true
DEU,TOT,GBR,147308,167846,185374,218592,338110,true
DEU,TOT,USA,1035269,987519,1204599,1227752,1250815,true
DEU,FEM,AUS,53877,62054,54125,55163,55173,true
DEU,FEM,AUT,262194,113368,62913,55369,57529,true
DEU,FEM,CAN,88113,92549,99556,123142,107853,true
DEU,FEM,FRA,73631,121136,115287,123810,131715,true
DEU,FEM,NLD,84980,23356,36382,79422,69039,true
DEU,FEM,POL,2961,2546,22210,40660,62114,true
DEU,FEM,SCG,12786,13272,24270,13587,53078,true
DEU,FEM,ESP,12523,21057,36166,46896,56978,true
DEU,FEM,CHE,3171,72913,3053,51956,57853,true
DEU,FEM,TUR,2042,28056,42923,87172,140202,true
DEU,FEM,GBR,95739,103896,112199,129431,195845,true
DEU,FEM,USA,572383,503854,698749,715623,724160,true
DEU,MAL,AUS,50817,63631,52681,53647,52035,true
DEU,MAL,CAN,95834,96025,97433,95508,77892,true
DEU,MAL,FRA,80508,100387,86005,86729,128326,true
DEU,MAL,ESP,11620,19665,33590,42480,52476,true
DEU,MAL,CHE,2160,46823,2411,39735,59557,true
DEU,MAL,TUR,2374,28357,43919,87584,132793,true
DEU,MAL,GBR,51568,63950,73175,89161,142264,true
DEU,MAL,USA,462886,483665,505850,512129,526655,true
GHA,TOT,CIV,24664,38132,48900,92754,75072,true
GHA,TOT,NGA,7017,21843,198295,73458,123169,true
GHA,TOT,USA,1049,2496,9872,23957,68432,true
GHA,MAL,NGA,4026,14145,127830,46196,75341,true
GRC,TOT,ALB,44331,48994,54147,59843,67508,true
GRC,TOT,AUS,74219,161937,141392,132072,115342,true
GRC,TOT,CAN,36975,62034,88854,98124,74725,true
GRC,TOT,DEU,46203,307898,303378,258077,367554,true
GRC,TOT,TUR,260136,190123,112911,100565,59749,true
GRC,TOT,USA,166588,209976,229757,195173,179950,true
GRC,FEM,AUS,34061,77611,68768,64272,57022,true
GRC,FEM,DEU,12267,136219,140467,120198,165559,true
GRC,FEM,USA,63311,106730,107646,91666,83921,true
GRC,MAL,AUS,40158,84326,72624,67800,58320,true
GRC,MAL,DEU,33936,171680,162911,137879,201994,true
GRC,MAL,USA,103277,103246,122111,103507,96029,true
GLP,TOT,FRA,34707,3470,86781,924,208276,true
GLP,FEM,FRA,15207,1684,44094,506,107836,true
GLP,MAL,FRA,19500,1786,42687,418,100440,true
GTM,TOT,USA,6073,20482,72214,242451,489507,true
GTM,FEM,USA,3379,11491,39183,118772,219430,true
GTM,MAL,USA,2694,8991,33031,123679,270077,true
GIN,TOT,CIV,51728,79972,102556,124852,129807,true
GIN,TOT,SEN,59416,38258,40359,75267,74213,true
GIN,TOT,SLE,35249,57826,71399,70279,58908,true
GIN,FEM,CIV,21759,33640,44498,57079,57373,true
GIN,MAL,CIV,29969,46332,58058,67773,72434,true
GUY,TOT,CAN,2467,3129,3867,58588,82057,true
GUY,TOT,USA,268,2997,57637,129959,219060,true
GUY,FEM,USA,139,1681,31247,68053,116053,true
GUY,MAL,USA,130,1316,26390,61907,103007,true
HTI,TOT,CAN,307,3283,6390,36837,52606,true
HTI,TOT,DOM,95525,127170,152301,186181,228274,true
HTI,TOT,USA,5545,34977,104863,240037,435259,true
HTI,FEM,DOM,20098,38170,48823,63284,81954,true
HTI,FEM,USA,2959,18567,54653,120288,229101,true
HTI,MAL,DOM,75427,89001,103478,122897,146319,true
HTI,MAL,USA,2587,16410,50211,119749,206158,true
HND,TOT,USA,7028,22561,42722,119088,288779,true
HND,FEM,USA,3714,11640,24954,66763,145146,true
HND,MAL,USA,3314,10922,17768,52325,143633,true
HKG,TOT,AUS,3384,4850,15156,55895,66151,true
HKG,TOT,CAN,2435,32055,62949,89251,234201,true
HKG,TOT,GBR,12508,30576,60318,75601,143805,true
HKG,TOT,USA,4766,3752,87572,159451,207845,true
HKG,FEM,CAN,1150,15710,31008,43899,121069,true
HKG,FEM,GBR,5079,13014,27887,36514,78137,true
HKG,FEM,USA,1892,1825,44039,81551,106951,true
HKG,MAL,CAN,1286,16345,31941,45353,113132,true
HKG,MAL,GBR,7428,17562,32431,39087,65668,true
HKG,MAL,USA,2874,1927,43533,77901,100895,true
HUN,TOT,DEU,66670,80920,80675,61085,71830,true
HUN,TOT,USA,256017,216934,156495,117943,93543,true
IND,TOT,AUS,13527,18165,40170,59297,94110,true
IND,TOT,BGD,637854,704574,779720,854364,936151,true
IND,TOT,CAN,8781,45737,84397,149951,313999,true
IND,TOT,FRA,80752,8074,15718,23455,136233,true
IND,TOT,HKG,70,6439,1304,3096,58685,true
IND,TOT,KWT,4082,21896,59060,106856,100904,true
IND,TOT,MYS,12196,150723,98724,32931,67701,true
IND,TOT,NPL,324670,322152,229585,407123,563571,true
IND,TOT,OMN,21845,31427,73080,211955,312053,true
IND,TOT,PAK,6293916,4858023,3899706,3130431,2512906,true
IND,TOT,QAT,116,1696,16667,33750,52788,true
IND,TOT,SAU,12449,70109,357516,931457,1007649,true
IND,TOT,SGP,66510,50875,42266,43696,105187,true
IND,TOT,LKA,999333,1080645,644956,447083,384789,true
IND,TOT,ARE,721,21584,235611,437179,751142,true
IND,TOT,GBR,190722,336567,401255,429885,524796,true
IND,TOT,USA,13910,69997,227684,494290,1041320,true
IND,FEM,BGD,295599,326650,226332,118429,129791,true
IND,FEM,CAN,3779,22178,41574,64890,145504,true
IND,FEM,FRA,38575,3919,7211,10838,69004,true
IND,FEM,NPL,208455,207069,160954,292648,399609,true
IND,FEM,PAK,2923092,2295006,1802811,1420156,1138971,true
IND,FEM,SAU,2864,14645,67827,160526,201950,true
IND,FEM,LKA,465760,520974,321495,222860,191807,true
IND,FEM,ARE,120,4191,63069,157721,230372,true
IND,FEM,GBR,88327,154831,197399,220994,266644,true
IND,FEM,USA,5150,34022,102686,223537,480076,true
IND,MAL,BGD,342256,377924,553388,735935,806361,true
IND,MAL,CAN,5002,23560,42824,85061,168496,true
IND,MAL,FRA,42177,4155,8507,12617,67229,true
IND,MAL,KWT,2768,13657,33146,85099,84709,true
IND,MAL,NPL,116216,115083,68631,114476,163962,true
IND,MAL,OMN,18438,26547,61779,179318,264336,true
IND,MAL,PAK,3370824,2563017,2096894,1710275,1373935,true
IND,MAL,SAU,9585,55464,289689,770932,805699,true
IND,MAL,SGP,56217,39894,31589,28815,57245,true
IND,MAL,LKA,533573,559671,323461,224223,192982,true
IND,MAL,ARE,601,17393,172542,279458,520770,true
IND,MAL,GBR,102395,181736,203856,208891,258152,true
IND,MAL,USA,8760,35975,124998,270753,561244,true
IDN,TOT,MYS,5398,56436,125723,407154,885328,true
IDN,TOT,NLD,202339,73984,99421,185323,155137,true
IDN,TOT,SAU,3541,19941,101686,264929,286600,true
IDN,TOT,SGP,25945,26946,27026,37770,70008,true
IDN,TOT,TWN,0,0,0,2134,74302,true
IDN,TOT,USA,1793,1420,33144,52665,79796,true
IDN,FEM,MYS,2192,23201,47806,148191,395961,true
IDN,FEM,NLD,108323,27303,43880,98542,84987,true
IDN,FEM,SAU,3366,18836,95380,246595,269928,true
IDN,FEM,TWN,0,0,0,1055,61356,true
IDN,MAL,MYS,3206,33235,77917,258963,489367,true
IDN,MAL,NLD,94017,46681,55540,86781,70150,true
IRN,TOT,CAN,759,9990,19618,16084,72987,true
IRN,TOT,DEU,7246,13586,35952,66008,108486,true
IRN,TOT,ISR,44782,53211,59753,53077,58326,true
IRN,TOT,SWE,113,403,3337,37842,50537,true
IRN,TOT,ARE,74,2210,24124,44762,76907,true
IRN,TOT,GBR,4640,577,28735,33236,72672,true
IRN,TOT,USA,7294,5761,134447,229109,294355,true
IRN,FEM,USA,2893,2801,50628,96592,135274,true
IRN,MAL,DEU,5666,9617,25220,42386,64070,true
IRN,MAL,ARE,69,2032,21296,37148,66262,true
IRN,MAL,USA,4401,2960,83819,132517,159081,true
IRQ,TOT,IRN,4702,8361,31630,75759,169650,true
IRQ,TOT,ISR,96253,114371,105136,86214,85613,true
IRQ,TOT,KWT,25437,46741,82910,168625,159233,true
IRQ,TOT,USA,1786,1420,33152,47753,93991,true
IRQ,TOT,YEM,24197,29957,37087,45914,53675,true
IRQ,FEM,IRN,2591,4353,15623,35770,70589,true
IRQ,FEM,KWT,8360,18447,31087,83714,67575,true
IRQ,MAL,IRN,2111,4008,16007,39988,99062,true
IRQ,MAL,KWT,17076,28294,51824,84911,91659,true
IRQ,MAL,USA,1079,730,18677,27274,52123,true
IRL,TOT,FRA,107311,37980,2221,4140,181039,true
IRL,TOT,GBR,892,717774,621804,599823,636751,true
IRL,TOT,USA,353621,297642,216471,186124,163136,true
IRL,FEM,FRA,51261,18273,1681,2647,91699,true
IRL,FEM,GBR,534,375218,330154,321550,358588,true
IRL,FEM,USA,211699,151290,134933,109787,89174,true
IRL,MAL,FRA,56049,19708,541,1494,89340,true
IRL,MAL,GBR,358,342555,291650,278273,278163,true
IRL,MAL,USA,141922,146351,81538,76336,73962,true
ISR,TOT,USA,18761,46174,75666,100555,125896,true
ISR,TOT,PSE,167080,199203,235848,310350,479728,true
ISR,FEM,USA,8472,22446,33755,44852,57271,true
ISR,FEM,PSE,86282,102077,120410,159175,246872,true
ISR,MAL,USA,10289,23728,41912,55703,68625,true
ISR,MAL,PSE,80798,97126,115438,151176,232857,true
ITA,TOT,ARG,927303,687552,487003,363907,224155,true
ITA,TOT,AUS,218698,309003,266038,246309,216676,true
ITA,TOT,BEL,196020,254545,288899,241481,203181,true
ITA,TOT,BRA,210731,149710,108052,69613,54958,true
ITA,TOT,CAN,250997,314957,386475,423097,310213,true
ITA,TOT,FRA,140448,840941,594387,520281,236943,true
ITA,TOT,DEU,216562,540065,611115,506864,629291,true
ITA,TOT,CHE,442123,590957,486056,414031,336726,true
ITA,TOT,GBR,100455,115935,100220,92402,125396,true
ITA,TOT,USA,1312537,1193985,923820,667394,547833,true
ITA,TOT,VEN,112079,85043,72610,65763,50049,true
ITA,FEM,ARG,407123,312464,234723,187838,117820,true
ITA,FEM,AUS,97342,137636,114967,114132,102761,true
ITA,FEM,BEL,87131,115110,130211,107737,91361,true
ITA,FEM,CAN,111551,144248,181583,209391,158410,true
ITA,FEM,FRA,67091,401794,290605,263483,120016,true
ITA,FEM,DEU,34918,186527,235929,201368,254654,true
ITA,FEM,CHE,215091,291305,247659,192389,153144,true
ITA,FEM,GBR,55823,60336,51156,46477,63581,true
ITA,FEM,USA,599174,513507,472399,343877,279087,true
ITA,MAL,ARG,520180,375088,252280,176069,106336,true
ITA,MAL,AUS,121356,171366,151071,132177,113915,true
ITA,MAL,BEL,108889,139435,158688,133744,111819,true
ITA,MAL,CAN,139447,170709,204892,213707,151803,true
ITA,MAL,FRA,73357,439147,303782,256798,116928,true
ITA,MAL,DEU,181644,353538,375187,305496,374637,true
ITA,MAL,CHE,227032,299653,238397,221643,183582,true
ITA,MAL,GBR,44633,55599,49064,45925,61816,true
ITA,MAL,USA,713363,680478,451421,323517,268746,true
JAM,TOT,CAN,499,5345,10400,101004,118874,true
JAM,TOT,GBR,116203,148203,168068,144441,152843,true
JAM,TOT,USA,26710,83570,221818,363387,575845,true
JAM,FEM,CAN,264,2866,5599,53651,66645,true
JAM,FEM,GBR,52638,74095,84937,74731,82513,true
JAM,FEM,USA,11362,45852,123590,200103,321495,true
JAM,MAL,CAN,236,2479,4801,47353,52228,true
JAM,MAL,GBR,63565,74109,83131,69710,70330,true
JAM,MAL,USA,15348,37718,98228,163284,254349,true
JPN,TOT,BRA,166660,150773,141480,86189,70837,true
JPN,TOT,GBR,2942,310,12581,28849,59546,true
JPN,TOT,USA,114981,160338,335683,448625,500527,true
JPN,FEM,USA,67841,74197,198929,262341,298308,true
JPN,MAL,USA,47140,86141,136754,186284,202219,true
JOR,TOT,KWT,14838,175512,317832,460366,434725,true
JOR,TOT,SAU,1575,8868,45222,117818,127456,true
JOR,TOT,ARE,91,2739,29898,55475,95315,true
JOR,TOT,USA,1228,975,22763,34011,50422,true
JOR,TOT,PSE,94032,112110,132734,174663,269988,true
JOR,FEM,KWT,4117,80566,138092,180403,141361,true
JOR,FEM,PSE,46722,55259,65173,86171,133665,true
JOR,MAL,KWT,10721,94946,179740,279963,293364,true
JOR,MAL,SAU,941,5561,29610,80209,81470,true
JOR,MAL,ARE,72,2063,19971,31387,59515,true
JOR,MAL,PSE,47309,56852,67561,88492,136324,true
KAZ,TOT,ISR,7752,9211,15591,35723,67080,true
KAZ,TOT,KGZ,60112,72939,93049,125534,86404,true
KAZ,TOT,RUS,1097639,1371420,1486916,1825035,2584955,true
KAZ,TOT,UKR,0,204927,235611,343730,245072,true
KAZ,TOT,UZB,81010,119718,155469,202204,164799,true
KAZ,FEM,KGZ,33709,40902,52179,70395,50592,true
KAZ,FEM,RUS,615519,769047,833813,1023419,1449557,true
KAZ,FEM,UKR,0,114916,132123,192752,135148,true
KAZ,FEM,UZB,45428,67134,87182,113389,93533,true
KAZ,MAL,RUS,482120,602374,653103,801616,1135398,true
KAZ,MAL,UKR,0,90011,103488,150978,109924,true
KAZ,MAL,UZB,35582,52584,68287,88815,71266,true
KEN,TOT,GBR,7751,60648,104566,121741,130511,true
KEN,FEM,GBR,3587,27920,50022,58894,64861,true
KEN,MAL,GBR,4164,32728,54543,62847,65649,true
PRK,TOT,KOR,100600,149316,500248,550504,431629,true
PRK,FEM,KOR,48261,73960,227364,255043,229477,true
PRK,MAL,KOR,52339,75356,272883,295461,202152,true
KOR,TOT,CAN,838,11024,21648,25619,80541,true
KOR,TOT,JPN,622220,624009,667656,700574,685943,true
KOR,TOT,USA,12902,58927,313404,693692,896982,true
KOR,FEM,JPN,286239,296197,325799,349470,363931,true
KOR,FEM,USA,6399,28644,184662,399505,513627,true
KOR,MAL,JPN,335981,327812,341857,351104,322012,true
KOR,MAL,USA,6503,30283,128742,294187,383354,true
KWT,TOT,SAU,1251,7048,35942,93641,101301,true
KWT,TOT,PSE,54458,64928,76872,101155,156362,true
KWT,FEM,PSE,25228,29821,35163,46507,72156,true
KWT,MAL,SAU,902,5250,27569,73727,76445,true
KWT,MAL,PSE,29230,35107,41709,54649,84206,true
KGZ,TOT,KAZ,0,60951,9945,93616,73813,true
KGZ,TOT,RUS,0,0,93846,260914,463521,true
KGZ,TOT,UZB,0,50545,64761,79663,64926,true
KGZ,FEM,RUS,0,0,51179,142290,252782,true
KGZ,MAL,RUS,0,0,42667,118624,210739,true
LAO,TOT,USA,3163,2393,55861,188630,213399,true
LAO,FEM,USA,1270,1163,26360,90616,104546,true
LAO,MAL,USA,1893,1230,29501,98014,108852,true
LVA,TOT,DEU,16411,17037,16597,54620,56469,true
LVA,TOT,RUS,0,127388,143546,99932,102518,true
LVA,TOT,USA,96715,74270,70923,65850,69779,true
LVA,FEM,RUS,0,69535,78355,54548,55960,true
LBN,TOT,AUS,6926,12301,47852,66906,70359,true
LBN,TOT,CAN,696,9160,17988,29043,66923,true
LBN,TOT,DEU,1056,1689,12287,18913,51611,true
LBN,TOT,KWT,6673,30203,45578,80917,76410,true
LBN,TOT,USA,23394,29825,59509,99437,113215,true
LBN,FEM,USA,11125,15111,26514,41989,50460,true
LBN,MAL,USA,12269,14715,32995,57448,62755,true
LSO,TOT,ZAF,199144,190023,178089,286656,114095,true
LSO,FEM,ZAF,64306,43195,22275,81100,50013,true
LSO,MAL,ZAF,134838,146829,155814,205556,64081,true
LBR,TOT,GIN,247,369,551,35154,117820,true
LBR,FEM,GIN,156,235,353,18477,63678,true
LBR,MAL,GIN,91,134,198,16677,54142,true
LTU,TOT,DEU,39538,41045,39988,122059,126069,true
LTU,TOT,POL,304562,262253,188812,131294,85576,true
LTU,TOT,RUS,0,126487,110107,116115,86199,true
LTU,TOT,USA,112270,86216,89977,75070,77169,true
LTU,FEM,DEU,19764,18089,19367,58918,65022,true
LTU,FEM,POL,164005,141034,104495,75023,51703,true
LTU,MAL,DEU,19773,22957,20621,63142,61047,true
MAC,TOT,HKG,13355,1625889,8553,144908,69229,true
MKD,TOT,DEU,4689,22794,32954,28788,54994,true
MKD,TOT,CHE,1455,3920,11355,23592,58224,true
MWI,TOT,ZWE,134866,173843,163962,154642,142229,true
MWI,MAL,ZWE,112980,125716,118571,111831,102854,true
MYS,TOT,AUS,5532,10584,30470,69734,77737,true
MYS,TOT,BRN,13440,21231,35713,40846,58104,true
MYS,TOT,HKG,150,7758,11156,3732,70681,true
MYS,TOT,SGP,129858,187189,213364,343171,725607,true
MYS,TOT,GBR,11992,26661,46512,45502,50446,true
MYS,TOT,USA,662,507,11824,34825,52623,true
MYS,FEM,HKG,61,3447,3239,2454,54464,true
MYS,FEM,SGP,61993,96978,112843,188684,410189,true
MYS,MAL,SGP,67865,90210,100520,154487,315418,true
MLI,TOT,BFA,13096,18584,35472,37614,64438,true
MLI,TOT,CIV,183795,284150,364393,393886,444425,true
MLI,TOT,NER,16281,21978,29667,43935,58083,true
MLI,TOT,NGA,391,13610,138977,53753,90128,true
MLI,FEM,CIV,77272,119463,158025,174533,200948,true
MLI,MAL,CIV,106523,164686,206368,219353,243477,true
MTQ,TOT,FRA,10971,1097,94001,702,132228,true
MTQ,FEM,FRA,5241,532,48396,385,68753,true
MTQ,MAL,FRA,5730,564,45605,317,63475,true
MEX,TOT,USA,610787,936424,2408502,4662233,9367910,true
MEX,FEM,USA,286128,553017,1153023,2095284,4177030,true
MEX,MAL,USA,324660,383407,1255478,2566949,5190881,true
MDA,TOT,RUS,79527,111747,130384,228795,277527,true
MDA,TOT,UKR,139233,153206,169151,186983,165126,true
MDA,FEM,RUS,43198,60700,70823,124280,150750,true
MDA,FEM,UKR,75630,83220,91881,101568,89575,true
MDA,MAL,RUS,36329,51047,59560,104515,126777,true
MDA,MAL,UKR,63603,69986,77270,85415,75551,true
MAR,TOT,BEL,2109,40107,108759,141833,110962,true
MAR,TOT,FRA,155574,294994,540819,654248,262462,true
MAR,TOT,DEU,9431,11846,54042,50126,84619,true
MAR,TOT,ISR,191014,226971,217033,182652,187826,true
MAR,TOT,ITA,9169,14158,8767,160780,286498,true
MAR,TOT,NLD,27,15355,42489,122444,151254,true
MAR,TOT,ESP,24997,42164,72226,105884,253173,true
MAR,FEM,BEL,897,15236,48322,66139,51827,true
MAR,FEM,FRA,65313,122186,224734,293120,132941,true
MAR,FEM,ISR,96256,117115,109943,91770,97735,true
MAR,FEM,ITA,4639,7072,3744,39162,123523,true
MAR,FEM,NLD,14,4107,14050,50900,68599,true
MAR,FEM,ESP,12363,20785,35704,50649,100095,true
MAR,MAL,BEL,1212,24871,60436,75694,59135,true
MAR,MAL,FRA,90261,172808,316085,361128,129521,true
MAR,MAL,DEU,6066,9050,36176,29730,51275,true
MAR,MAL,ISR,94758,109855,107089,90883,90091,true
MAR,MAL,ITA,4530,7086,5023,121618,162975,true
MAR,MAL,NLD,13,11249,28439,71544,82655,true
MAR,MAL,ESP,12634,21379,36521,55236,153079,true
MOZ,TOT,MWI,209525,205837,114444,112430,110451,true
MOZ,TOT,PRT,7871,20564,53728,73705,74227,true
MOZ,TOT,ZAF,161807,119683,74784,129409,264572,true
MOZ,TOT,GBR,399,1454,2925,218,62051,true
MOZ,TOT,ZWE,90116,116161,109558,103331,95036,true
MOZ,FEM,MWI,104582,102911,57453,56534,55631,true
MOZ,FEM,ZAF,5786,5765,5900,33143,75419,true
MOZ,MAL,MWI,104943,102926,56991,55895,54820,true
MOZ,MAL,ZAF,156021,113919,68884,96266,189153,true
MOZ,MAL,ZWE,72741,78911,74426,70195,64561,true
MMR,TOT,IND,65312,139410,150508,83260,60627,true
MMR,TOT,THA,30263,10728,30234,52701,171759,true
MMR,FEM,THA,14420,3894,13903,25203,82676,true
MMR,MAL,THA,15843,6834,16331,27497,89084,true
NPL,TOT,IND,515785,523992,560061,503422,649166,true
NPL,FEM,IND,227065,251220,301035,285802,345720,true
NPL,MAL,IND,288720,272772,259027,217621,303446,true
NLD,TOT,AUS,97734,115065,92616,92016,82545,true
NLD,TOT,BEL,49027,62496,68095,65336,92240,true
NLD,TOT,CAN,131332,132782,136859,154743,115944,true
NLD,TOT,DEU,68276,99802,110516,96774,112253,true
NLD,TOT,USA,123774,130939,115731,107769,106397,true
NLD,FEM,CAN,60765,62227,65402,75980,58473,true
NLD,FEM,DEU,31204,45407,52017,46534,51328,true
NLD,FEM,USA,56762,66556,58082,55056,53473,true
NLD,MAL,BEL,28048,35388,39305,37578,50915,true
NLD,MAL,CAN,70567,70555,71456,78763,57471,true
NLD,MAL,DEU,37072,54396,58499,50240,60925,true
NLD,MAL,USA,67012,64383,57649,52712,52923,true
ANT,TOT,NLD,2,7451,20623,59438,83538,true
NZL,TOT,AUS,45855,60518,174094,256718,350498,true
NZL,TOT,GBR,16621,22342,29470,41516,60530,true
NZL,FEM,AUS,19518,30771,84978,125729,172617,true
NZL,MAL,AUS,26337,29746,89115,130989,177882,true
NIC,TOT,CRI,17823,12633,28054,99006,226582,true
NIC,TOT,USA,10215,19029,49468,181863,229386,true
NIC,FEM,CRI,8272,5660,13540,49158,113407,true
NIC,FEM,USA,6086,10027,29801,93391,122052,true
NIC,MAL,CRI,9552,6972,14514,49848,113175,true
NIC,MAL,USA,4129,9002,19667,88472,107334,true
NER,TOT,CIV,17447,26974,34591,46894,57705,true
NER,TOT,NGA,8171,12738,99837,34660,58115,true
NGA,TOT,CMR,101964,114719,91346,85742,72187,true
NGA,TOT,GBR,15725,29796,32060,51154,106221,true
NGA,TOT,USA,3141,5885,31976,69384,141571,true
NGA,FEM,GBR,5725,12737,13690,25462,53670,true
NGA,FEM,USA,1580,3280,10160,22253,61963,true
NGA,MAL,GBR,10000,17059,18369,25692,52551,true
NGA,MAL,USA,1561,2606,21816,47130,79608,true
OMN,TOT,ARE,112,3354,36608,67927,116710,true
OMN,TOT,PSE,31526,37587,44501,58559,90518,true
OMN,MAL,ARE,98,2849,28853,48004,88063,true
PAK,TOT,CAN,845,11119,21835,19370,81236,true
PAK,TOT,FRA,43945,4394,6210,10825,74137,true
PAK,TOT,IND,8662538,8141307,3063529,1866445,1331659,true
PAK,TOT,KWT,2604,18261,42340,65643,61987,true
PAK,TOT,OMN,5110,7352,17096,49584,73001,true
PAK,TOT,SAU,7889,44432,226578,590319,638606,true
PAK,TOT,ARE,547,16366,178653,331493,569556,true
PAK,TOT,GBR,36635,143669,192672,243379,350867,true
PAK,TOT,USA,1970,8798,35058,92839,234081,true
PAK,FEM,IND,3995350,3752272,1398391,866922,637647,true
PAK,FEM,SAU,2849,14801,69548,166811,205399,true
PAK,FEM,ARE,69,2444,37565,96574,138798,true
PAK,FEM,GBR,7204,40670,83416,118194,169751,true
PAK,FEM,USA,508,4277,13556,34291,99432,true
PAK,MAL,IND,4667188,4389035,1665139,999523,694012,true
PAK,MAL,OMN,4442,6395,14880,43185,63646,true
PAK,MAL,SAU,5041,29632,157030,423508,433206,true
PAK,MAL,ARE,478,13922,141088,234919,430757,true
PAK,MAL,GBR,29431,102998,109256,125185,181116,true
PAK,MAL,USA,1462,4521,21501,58548,134649,true
PAN,TOT,USA,13957,23657,92341,129412,146882,true
PAN,FEM,USA,8128,12079,52184,73446,86620,true
PAN,MAL,USA,5829,11577,40157,55966,60261,true
PRY,TOT,ARG,157030,205465,265190,261080,331688,true
PRY,FEM,ARG,77652,107170,142108,146556,187814,true
PRY,MAL,ARG,79379,98295,123082,114523,143873,true
PER,TOT,ARG,1691,4992,8559,16347,91182,true
PER,TOT,USA,7756,29305,67507,162190,285925,true
PER,FEM,ARG,643,1712,2860,6651,53689,true
PER,FEM,USA,3642,15321,34403,82431,147990,true
PER,MAL,USA,4114,13983,33105,79759,137935,true
PHL,TOT,AUS,411,1135,14880,71010,102420,true
PHL,TOT,CAN,2423,31892,62629,94814,233010,true
PHL,TOT,DEU,753,986,1517,15153,60903,true
PHL,TOT,ITA,674,9067,8558,61744,85891,true
PHL,TOT,JPN,455,7521,16641,44533,121274,true
PHL,TOT,MYS,418,14889,48372,168737,175740,true
PHL,TOT,SAU,4569,25733,131223,341884,369850,true
PHL,TOT,TWN,0,0,0,2742,95491,true
PHL,TOT,USA,111801,246767,590421,1059379,1505820,true
PHL,FEM,AUS,26,587,6529,46175,66983,true
PHL,FEM,CAN,1144,15630,30851,51193,133733,true
PHL,FEM,ITA,341,4858,7180,45719,55260,true
PHL,FEM,JPN,195,3213,8091,36462,99560,true
PHL,FEM,MYS,147,6949,22037,84919,92591,true
PHL,FEM,SAU,3629,19899,98618,249229,282579,true
PHL,FEM,TWN,0,0,0,1356,64703,true
PHL,FEM,USA,30805,119963,315997,592693,860737,true
PHL,MAL,CAN,1279,16262,31778,43621,99277,true
PHL,MAL,MYS,271,7940,26335,83818,83149,true
PHL,MAL,SAU,940,5834,32605,92655,87271,true
PHL,MAL,USA,80997,126805,274423,466686,645083,true
POL,TOT,AUS,57514,71265,57320,66643,57567,true
POL,TOT,BLR,538881,382600,403169,417720,291909,true
POL,TOT,CAN,166767,155413,146847,180870,177013,true
POL,TOT,FRA,474428,280117,163788,139231,800387,true
POL,TOT,DEU,2226485,2325732,2338469,1790828,1999975,true
POL,TOT,ISR,176518,209745,175609,121526,89706,true
POL,TOT,RUS,118422,107084,99733,94594,442389,true
POL,TOT,UKR,363297,295107,258309,219179,214578,true
POL,TOT,GBR,146451,120478,95661,75006,207480,true
POL,TOT,USA,780612,648999,454279,421431,490599,true
POL,FEM,BLR,294129,208829,220056,227998,147688,true
POL,FEM,CAN,74519,73666,74780,91857,94875,true
POL,FEM,FRA,226631,149207,99038,87351,405409,true
POL,FEM,DEU,1112903,1107802,1219483,996274,1028120,true
POL,FEM,RUS,64636,58448,54436,51631,241462,true
POL,FEM,UKR,198293,161074,140989,119631,116895,true
POL,FEM,GBR,47329,40841,35073,31887,105883,true
POL,FEM,USA,395948,349269,249624,222133,261747,true
POL,MAL,BLR,244752,173771,183114,189722,144220,true
POL,MAL,CAN,92248,81747,72067,89013,82137,true
POL,MAL,FRA,247797,130909,64750,51879,394978,true
POL,MAL,DEU,1113582,1217930,1118985,794554,971855,true
POL,MAL,RUS,53786,48636,45297,42963,200926,true
POL,MAL,UKR,165004,134033,117320,99548,97683,true
POL,MAL,GBR,99122,79636,60587,43119,101597,true
POL,MAL,USA,384663,299730,204655,199299,228852,true
PRT,TOT,BRA,486914,429297,389006,273088,212917,true
PRT,TOT,CAN,14097,72928,134473,161005,151562,true
PRT,TOT,FRA,83587,306809,633769,609339,141016,true
PRT,TOT,DEU,9535,53044,109623,72350,138240,true
PRT,TOT,CHE,10845,3962,27261,93373,148832,true
PRT,TOT,USA,84417,142208,229168,235097,212370,true
PRT,TOT,VEN,40463,58242,83376,72727,54250,true
PRT,FEM,BRA,203217,186748,174353,128316,102079,true
PRT,FEM,CAN,5524,34289,64611,76969,77516,true
PRT,FEM,FRA,39929,107028,294653,291415,71427,true
PRT,FEM,DEU,3609,18974,50730,34562,59614,true
PRT,FEM,CHE,6450,2017,13078,48372,74211,true
PRT,FEM,USA,38777,65840,115858,117129,108167,true
PRT,MAL,BRA,283697,242549,214653,144772,110837,true
PRT,MAL,CAN,8573,38639,69863,84036,74046,true
PRT,MAL,FRA,43658,199781,339117,317924,69589,true
PRT,MAL,DEU,5926,34070,58893,37788,78626,true
PRT,MAL,CHE,4394,1944,14183,45001,74621,true
PRT,MAL,USA,45640,76368,113310,117969,104203,true
PRI,TOT,USA,657479,941566,1106839,1437657,1455095,true
PRI,FEM,USA,333559,499812,592009,744353,760999,true
PRI,MAL,USA,323920,441754,514830,693303,694096,true
REU,TOT,FRA,1098,2631,72851,35,91314,true
ROM,TOT,CAN,26271,22552,19193,29887,59644,true
ROM,TOT,FRA,73476,26556,13143,15725,123957,true
ROM,TOT,DEU,43692,46324,74251,1144848,324085,true
ROM,TOT,HUN,48848,174498,160423,139690,133077,true
ROM,TOT,ISR,175882,208990,193905,151154,139278,true
ROM,TOT,ITA,3917,3733,3886,38031,119123,true
ROM,TOT,USA,88406,83757,69349,101256,140085,true
ROM,FEM,FRA,35099,12775,6141,8018,62786,true
ROM,FEM,DEU,21717,24590,33573,593806,154625,true
ROM,FEM,HUN,33755,96559,89460,78729,75852,true
ROM,FEM,ISR,84013,102349,103328,84222,85968,true
ROM,FEM,ITA,2236,2193,2395,25511,67837,true
ROM,FEM,USA,44524,42574,36151,51209,72757,true
ROM,MAL,FRA,38377,13780,7002,7707,61171,true
ROM,MAL,DEU,21976,21734,40677,551042,169460,true
ROM,MAL,HUN,15093,77939,70963,60961,57225,true
ROM,MAL,ISR,91869,106641,90577,66932,53310,true
ROM,MAL,ITA,1681,1539,1491,12520,51286,true
ROM,MAL,USA,43882,41184,33198,50047,67327,true
RUS,TOT,AZE,185297,189506,175676,161999,106281,true
RUS,TOT,BLR,386328,552048,664763,786672,549738,true
RUS,TOT,CAN,65180,54827,45320,45340,51588,true
RUS,TOT,EST,151993,211716,258636,300430,190599,true
RUS,TOT,FRA,129036,47074,20129,22391,217690,true
RUS,TOT,GEO,225876,219678,208442,191274,119977,true
RUS,TOT,DEU,286209,297315,299809,936128,978793,true
RUS,TOT,ISR,60594,72000,117851,233339,420072,true
RUS,TOT,KAZ,1525680,2143604,2329099,2450213,1931909,true
RUS,TOT,KGZ,231051,320559,343356,348471,167792,true
RUS,TOT,LVA,236232,299127,348740,384423,238521,true
RUS,TOT,LTU,116059,135249,153225,173938,95737,true
RUS,TOT,MDA,129600,183361,223748,248674,203909,true
RUS,TOT,POL,293946,253112,176771,115870,64036,true
RUS,TOT,TJK,156970,207267,237535,234030,176029,true
RUS,TOT,TKM,133516,165032,180021,175788,128858,true
RUS,TOT,UKR,3233837,4182267,4803152,5211922,3613240,true
RUS,TOT,UZB,540184,755132,854737,915978,746535,true
RUS,FEM,AZE,109810,112304,104108,96003,63691,true
RUS,FEM,BLR,228944,327152,393949,466194,304274,true
RUS,FEM,EST,94262,97278,145284,156811,117418,true
RUS,FEM,FRA,61639,22646,11614,14310,110264,true
RUS,FEM,GEO,133858,130185,123526,113352,71898,true
RUS,FEM,DEU,143043,129160,143733,495529,528889,true
RUS,FEM,ISR,28507,34741,63165,137500,264543,true
RUS,FEM,KAZ,904141,1270333,1380260,1452034,1144879,true
RUS,FEM,KGZ,136925,189968,203478,206509,103014,true
RUS,FEM,LVA,146505,137441,195899,200652,144742,true
RUS,FEM,LTU,71977,62143,86071,90788,54789,true
RUS,FEM,MDA,76803,108662,132597,147368,120840,true
RUS,FEM,TJK,93023,122829,140767,138690,105489,true
RUS,FEM,TKM,79123,97800,106683,104175,77220,true
RUS,FEM,UKR,1916422,2478476,2846421,3088665,2135486,true
RUS,FEM,UZB,320121,447503,506530,542823,447374,true
RUS,MAL,BLR,157384,224896,270814,320478,245464,true
RUS,MAL,EST,57731,114438,113352,143619,73181,true
RUS,MAL,FRA,67396,24429,8516,8080,107427,true
RUS,MAL,DEU,143166,168154,156075,440599,449905,true
RUS,MAL,ISR,32087,37259,54685,95839,155528,true
RUS,MAL,KAZ,621538,873271,948839,998179,787030,true
RUS,MAL,KGZ,94127,130591,139878,141962,64778,true
RUS,MAL,LVA,89727,161686,152841,183771,93779,true
RUS,MAL,MDA,52797,74698,91152,101306,83070,true
RUS,MAL,TJK,63947,84437,96768,95340,70540,true
RUS,MAL,TKM,54392,67231,73338,71613,51638,true
RUS,MAL,UKR,1317416,1703791,1956730,2123257,1477754,true
RUS,MAL,UZB,220062,307629,348207,373155,299161,true
RWA,TOT,SDN,29218,27876,35758,50049,60380,true
RWA,TOT,UGA,246936,246493,184689,141288,65400,true
SAU,TOT,PSE,30265,36084,42722,56217,86899,true
SEN,TOT,GMB,19077,23284,40150,68127,98366,true
SCG,TOT,AUS,14653,25246,43967,47665,54847,true
SCG,TOT,AUT,20913,113323,528,126541,187588,true
SCG,TOT,CAN,21853,56265,92531,44739,63583,true
SCG,TOT,HRV,174,177,316,100302,87639,true
SCG,TOT,FRA,32459,11704,36738,35714,54760,true
SCG,TOT,DEU,64476,299210,430759,376610,710269,true
SCG,TOT,ITA,26299,13032,14240,29707,78462,true
SCG,TOT,NLD,2095,2391,5526,14880,52088,true
SCG,TOT,SWE,825,19854,37859,26905,71180,true
SCG,TOT,CHE,8861,15111,45303,90415,223145,true
SCG,TOT,TUR,191101,159669,114884,138955,112537,true
SCG,TOT,USA,74605,78381,72483,64402,64520,true
SCG,FEM,AUT,10268,64780,298,67352,98457,true
SCG,FEM,DEU,29284,112374,189368,173017,319290,true
SCG,FEM,CHE,5271,7242,20869,45499,112242,true
SCG,FEM,TUR,91781,77765,56500,70491,60033,true
SCG,MAL,AUT,10645,48543,230,59189,89132,true
SCG,MAL,DEU,35192,186835,241391,203593,390979,true
SCG,MAL,CHE,3590,7870,24434,44916,110903,true
SCG,MAL,TUR,99320,81904,58384,68463,52504,true
SLE,TOT,GIN,1609,2401,3582,29841,97669,true
SLE,FEM,GIN,750,1130,1704,15515,52448,true
SGP,TOT,HKG,137,7560,10167,3637,68886,true
SGP,TOT,MYS,2568,52926,52348,50381,65444,true
SGP,FEM,HKG,55,3809,3419,2391,53080,true
SVK,TOT,CZE,21755,24044,26573,187831,287874,true
SVK,TOT,FRA,34877,12606,3007,2779,58839,true
SVK,TOT,DEU,194210,209061,199219,104232,118829,true
SVK,FEM,CZE,13054,14427,15945,105110,154953,true
SVK,FEM,DEU,97076,109402,108407,56153,62154,true
SVK,MAL,CZE,8701,9616,10628,82721,132921,true
SVK,MAL,DEU,97134,99659,90812,48079,56675,true
SOM,TOT,ETH,92237,87739,92238,96967,101938,true
SOM,FEM,ETH,49908,48827,53293,57910,60510,true
ZAF,TOT,AUS,7540,11175,26003,47583,79021,true
ZAF,TOT,MOZ,523,363,1315,35916,159113,true
ZAF,TOT,GBR,46296,48980,55516,77458,143298,true
ZAF,TOT,USA,5724,12349,23096,42299,68041,true
ZAF,FEM,MOZ,299,264,997,19799,84516,true
ZAF,FEM,GBR,25335,26950,30399,40936,75250,true
ZAF,MAL,MOZ,224,98,318,16118,74597,true
ZAF,MAL,GBR,20961,22030,25117,36523,68048,true
ESP,TOT,ARG,753707,547743,373063,252380,137084,true
ESP,TOT,FRA,89841,736748,489332,429029,151566,true
ESP,TOT,DEU,52278,244214,176968,131604,133635,true
ESP,TOT,CHE,24340,122841,126727,126965,88369,true
ESP,TOT,GBR,24611,31623,41002,39279,60888,true
ESP,TOT,USA,47232,68175,97039,110958,119977,true
ESP,TOT,VEN,162858,144301,130624,110859,77759,true
ESP,FEM,ARG,367547,276774,201116,140604,77299,true
ESP,FEM,FRA,42916,361183,248325,228048,76771,true
ESP,FEM,DEU,14000,85905,75376,58625,63441,true
ESP,FEM,USA,17978,32004,47783,56537,62356,true
ESP,MAL,ARG,386160,270969,171948,111776,59785,true
ESP,MAL,FRA,46924,375566,241006,200982,74795,true
ESP,MAL,DEU,38278,158309,101592,72978,70194,true
ESP,MAL,USA,29254,36171,49256,54421,57621,true
LKA,TOT,AUS,3278,6413,16361,36034,52695,true
LKA,TOT,CAN,929,12227,24012,10798,89335,true
LKA,TOT,DEU,719,940,1602,23687,58017,true
LKA,TOT,IND,30652,40358,236125,273679,185572,true
LKA,TOT,SAU,1371,7723,39383,102608,111001,true
LKA,FEM,IND,15290,20623,118029,134082,92118,true
LKA,FEM,SAU,1196,6627,33193,84822,94534,true
LKA,MAL,IND,15361,19734,118096,139598,93453,true
SDN,TOT,SAU,2457,13838,70566,183849,198887,true
SDN,TOT,UGA,55329,55230,68309,89753,149360,true
SDN,FEM,SAU,876,4548,21362,51213,63109,true
SDN,FEM,UGA,25760,24511,33977,45865,73329,true
SDN,MAL,SAU,1581,9289,49203,132636,135778,true
SDN,MAL,UGA,29569,30718,34332,43889,76030,true
SUR,TOT,NLD,4,20342,56301,162265,178273,true
SUR,FEM,NLD,2,7192,23948,83723,96152,true
SUR,MAL,NLD,2,13150,32354,78542,82120,true
SWE,TOT,USA,223726,150445,86323,61169,55584,true
CHE,TOT,USA,64313,58898,49072,45950,51605,true
SYR,TOT,KWT,2105,32500,75353,107628,101634,true
SYR,TOT,SAU,1300,7324,37349,97307,105266,true
SYR,TOT,USA,17521,19371,24145,40501,55753,true
SYR,MAL,KWT,1475,20543,48090,60231,63983,true
SYR,MAL,SAU,822,4836,25648,69221,70724,true
TWN,TOT,CAN,715,9415,18489,8313,68789,true
TWN,TOT,USA,4914,3743,87355,271828,337316,true
TWN,FEM,USA,1970,1820,46402,143428,187533,true
TWN,MAL,USA,2944,1923,40953,128399,149783,true
TJK,TOT,RUS,0,0,71907,153806,383057,true
TJK,TOT,UZB,28047,40402,53560,84089,68534,true
TJK,FEM,RUS,0,0,35570,76082,189485,true
TJK,MAL,RUS,0,0,36337,77724,193572,true
TZA,TOT,KEN,17062,39074,38473,37313,61151,true
THA,TOT,KHM,161712,136285,1768,16276,100363,true
THA,TOT,MYS,135,7389,17853,50151,50423,true
THA,TOT,TWN,0,0,0,4120,143484,true
THA,TOT,USA,3672,2886,67362,127144,186520,true
THA,FEM,KHM,78192,66805,879,8200,51257,true
THA,FEM,USA,1459,1403,39933,71350,106626,true
THA,MAL,TWN,0,0,0,2083,117355,true
THA,MAL,USA,2213,1483,27429,55794,79894,true
TGO,TOT,NGA,6858,14879,127025,45872,76914,true
TTO,TOT,CAN,183,2105,4110,46118,63625,true
TTO,TOT,USA,42888,25338,75872,126874,207679,true
TTO,FEM,USA,20885,13906,41466,70448,117217,true
TTO,MAL,USA,22002,11432,34407,56426,90461,true
TUN,TOT,FRA,184315,287917,354171,365219,310949,true
TUN,TOT,ITA,2368,3656,43954,67184,75808,true
TUN,TOT,LBY,1150,15154,38523,56748,67943,true
TUN,FEM,FRA,86678,135452,157960,166987,157501,true
TUN,MAL,FRA,97637,152465,196211,198232,153448,true
TUR,TOT,AUT,7923,32618,151624,183825,179638,true
TUR,TOT,BEL,3414,20782,68368,87317,58404,true
TUR,TOT,FRA,45348,4534,126356,173732,76505,true
TUR,TOT,DEU,26986,442229,1653805,1460465,2008979,true
TUR,TOT,NLD,11,18665,51658,148878,176306,true
TUR,TOT,SAU,945,5321,27136,70700,76483,true
TUR,TOT,CHE,19619,13020,57206,91010,87066,true
TUR,TOT,USA,54645,61669,64788,68124,93670,true
TUR,FEM,AUT,3148,11938,76621,92516,87274,true
TUR,FEM,DEU,9119,128830,683271,663317,919690,true
TUR,FEM,NLD,6,5320,18104,65098,84064,true
TUR,MAL,AUT,4775,20681,75003,91309,92364,true
TUR,MAL,DEU,17867,313398,970534,797148,1089290,true
TUR,MAL,NLD,5,13345,33554,83780,92241,true
TUR,MAL,SAU,679,3951,20756,55521,57545,true
TUR,MAL,USA,29401,31689,31882,35131,50799,true
TKM,TOT,RUS,203702,70879,81273,140551,175252,true
TKM,FEM,RUS,109657,38155,43751,75662,94342,true
TKM,MAL,RUS,94045,32723,37522,64889,80910,true
UGA,TOT,KEN,28535,33323,39950,46795,351083,true
UGA,TOT,SDN,24951,23805,30536,42548,51331,true
UGA,FEM,KEN,10768,17147,21099,24488,179961,true
UGA,MAL,KEN,17767,16176,18851,22307,171122,true
UKR,TOT,BLR,122548,175761,212735,268015,187293,true
UKR,TOT,CAN,67976,57180,47265,47286,53801,true
UKR,TOT,DEU,2426,2708,7324,44527,58163,true
UKR,TOT,ISR,8094,9617,15742,31168,56111,true
UKR,TOT,KAZ,419850,515091,507057,510702,402671,true
UKR,TOT,LVA,29896,54289,67736,93528,53535,true
UKR,TOT,MDA,186092,224007,247940,266585,218596,true
UKR,TOT,POL,1177694,1014094,730271,508018,331462,true
UKR,TOT,RUS,3500317,3486564,3811434,4595811,3559975,true
UKR,TOT,USA,381955,293268,190645,146724,444101,true
UKR,TOT,UZB,0,140753,148398,199096,162266,true
UKR,FEM,BLR,76870,110248,133441,168116,110345,true
UKR,FEM,KAZ,263357,323098,318058,320345,252581,true
UKR,FEM,MDA,116729,140512,155523,167219,137117,true
UKR,FEM,POL,634186,545359,404371,290698,200927,true
UKR,FEM,RUS,2195621,2186994,2390774,2882785,2233043,true
UKR,FEM,USA,193095,149067,103108,80394,239165,true
UKR,FEM,UZB,0,88289,93085,124886,102828,true
UKR,MAL,BLR,45678,65512,79294,99899,76948,true
UKR,MAL,KAZ,156493,191993,188999,190357,150090,true
UKR,MAL,MDA,69363,83496,92416,99366,81479,true
UKR,MAL,POL,543508,468735,325901,217319,130535,true
UKR,MAL,RUS,1304696,1299570,1420661,1713027,1326933,true
UKR,MAL,USA,188860,144201,87537,66330,204936,true
UKR,MAL,UZB,0,52464,55313,74210,59438,true
GBR,TOT,AUS,724397,1041138,1092182,1076261,1026553,true
GBR,TOT,CAN,941217,903698,883022,914883,606723,true
GBR,TOT,FRA,59652,21828,42545,62630,100636,true
GBR,TOT,DEU,12501,29675,92204,81910,117124,true
GBR,TOT,IRL,54693,104694,179606,180936,227440,true
GBR,TOT,NZL,217720,248101,265055,272190,221729,true
GBR,TOT,ZAF,127568,170900,213123,154620,126343,true
GBR,TOT,ESP,10849,18300,31347,65258,86985,true
GBR,TOT,USA,870668,812912,797768,809113,833858,true
GBR,FEM,AUS,336248,505077,554952,534735,511331,true
GBR,FEM,CAN,487980,473532,471196,513680,337138,true
GBR,FEM,FRA,28495,10500,23327,34155,50974,true
GBR,FEM,IRL,28706,54058,91281,91862,115267,true
GBR,FEM,NZL,103924,121179,130287,135964,111561,true
GBR,FEM,ZAF,65005,85049,106381,80730,63399,true
GBR,FEM,USA,500550,453775,477637,470544,461753,true
GBR,MAL,AUS,388149,536062,537230,541526,515223,true
GBR,MAL,CAN,453237,430167,411827,401203,269584,true
GBR,MAL,DEU,6819,15922,53361,45527,70042,true
GBR,MAL,IRL,25987,50635,88325,89074,112173,true
GBR,MAL,NZL,113796,126922,134768,136227,110169,true
GBR,MAL,ZAF,62563,85850,106742,73890,62944,true
GBR,MAL,USA,370118,359137,320130,338570,372106,true
USA,TOT,AUS,11031,20504,36153,42482,53104,true
USA,TOT,CAN,276126,291996,313920,325306,270708,true
USA,TOT,FRA,48713,4871,27394,37519,82181,true
USA,TOT,DEU,17115,49707,90487,76471,114932,true
USA,TOT,ISR,2101,2496,2359,30705,70135,true
USA,TOT,JPN,12491,21058,22256,41124,50202,true
USA,TOT,MEX,99121,98764,160890,201431,350626,true
USA,TOT,PRI,55207,162837,233924,233011,243628,true
USA,TOT,GBR,119195,139813,120940,145459,165086,true
USA,FEM,CAN,148490,158157,172147,160529,134947,true
USA,FEM,MEX,51323,51964,83193,101808,173727,true
USA,FEM,PRI,27240,81776,119554,117751,128704,true
USA,FEM,GBR,52927,67073,56746,72487,86813,true
USA,MAL,CAN,127636,133839,141774,164777,135761,true
USA,MAL,DEU,9277,25677,47946,40920,65905,true
USA,MAL,MEX,47799,46801,77698,99622,176898,true
USA,MAL,PRI,27967,81061,114370,115261,114924,true
USA,MAL,GBR,66267,72740,64194,72972,78273,true
URY,TOT,ARG,56568,83443,114876,138094,119169,true
URY,FEM,ARG,30352,43361,58545,70934,61061,true
URY,MAL,ARG,26216,40081,56331,67160,58108,true
UZB,TOT,ISR,12271,14581,24682,56552,106193,true
UZB,TOT,KAZ,57380,90896,152934,139498,109989,true
UZB,TOT,KGZ,27238,41967,53907,69560,67084,true
UZB,TOT,RUS,0,257135,302213,529814,918037,true
UZB,TOT,TJK,32696,48169,63188,86619,65152,true
UZB,TOT,UKR,0,59756,71220,137095,242390,true
UZB,FEM,ISR,5820,7092,13146,29466,57663,true
UZB,FEM,KAZ,30162,47780,80390,73327,57816,true
UZB,FEM,RUS,0,135164,158859,278498,482568,true
UZB,FEM,UKR,0,31411,37437,72064,122377,true
UZB,MAL,KAZ,27218,43116,72544,66171,52173,true
UZB,MAL,RUS,0,121971,143354,251316,435469,true
UZB,MAL,UKR,0,28345,33783,65031,120013,true
VEN,TOT,ESP,10853,18306,31357,41530,54198,true
VEN,TOT,USA,7287,14645,41821,54323,118195,true
VEN,FEM,USA,3649,7925,20281,27641,62269,true
VEN,MAL,USA,3638,6720,21540,26682,55926,true
VNM,TOT,AUS,947,1579,39630,118469,152582,true
VNM,TOT,KHM,196744,165809,2151,19802,122104,true
VNM,TOT,CAN,1522,20030,39334,95419,146343,true
VNM,TOT,DEU,827,1105,1890,27393,69517,true
VNM,TOT,USA,14419,11234,262190,583889,1028454,true
VNM,FEM,AUS,387,688,18668,56320,78511,true
VNM,FEM,KHM,97301,83107,1093,10194,63707,true
VNM,FEM,CAN,718,9816,19376,43709,74052,true
VNM,FEM,USA,5743,5461,128257,278944,517964,true
VNM,MAL,AUS,560,891,20962,62149,74071,true
VNM,MAL,KHM,99443,82702,1058,9608,58397,true
VNM,MAL,CAN,803,10213,19958,51710,72291,true
VNM,MAL,USA,8676,5773,133932,304945,510490,true
VIR,TOT,USA,14977,50288,45969,8933,78966,true
PSE,TOT,JOR,48,6799,27169,63444,104718,true
PSE,TOT,KWT,342,661,57772,82268,77686,true
PSE,TOT,SAU,1121,6312,32186,83856,90715,true
PSE,TOT,SYR,112765,3426,246564,348765,458611,true
PSE,TOT,ARE,82,2455,26802,49732,85447,true
PSE,FEM,JOR,25,4174,16952,40068,57605,true
PSE,FEM,SYR,54816,1647,120441,170870,225257,true
PSE,MAL,SAU,667,3942,20993,56884,57752,true
PSE,MAL,SYR,57949,1779,126123,177894,233354,true
PSE,MAL,ARE,64,1824,17578,27472,52258,true
YEM,TOT,KWT,291,3286,31573,60909,57517,true
YEM,TOT,SAU,4300,24217,123492,321742,348060,true
YEM,TOT,ARE,54,1608,17551,32567,55955,true
YEM,FEM,SAU,1357,7013,32784,78261,97101,true
YEM,MAL,SAU,2943,17204,90708,243481,250959,true
ZWE,TOT,MWI,34762,34150,59662,58612,57580,true
ZWE,TOT,ZAF,26957,50720,74455,145958,129558,true
ZWE,FEM,ZAF,6109,16683,27845,60551,55554,true
ZWE,MAL,ZAF,20848,34037,46610,85407,74003,true
